ID,kayit_zamani,enlem,boylam,Tesis_Türü,Sonuç,Sızıntı_Olasılığı,Ses_Gücü
6347,24-10-31 15:33:39,39.95896366,32.88300594,Sayaç,L,0.99,140.66
6376,24-11-01 09:58:18,39.96031388,32.88315548,Vana,L,0.99,130.97
6080,24-10-30 15:02:34,39.95874104,32.880385,Sayaç,L,0.99,126.41
6095,24-10-30 15:58:05,39.96022754,32.87283132,Sayaç,N,0.00,102.04
6112,24-10-30 14:54:10,39.95874104,32.880385,Sayaç,L,0.99,89.32
6072,24-10-30 15:02:23,39.95853503,32.88064496,Vana,L,0.99,81.14
6079,24-10-31 15:36:30,39.95896726,32.88328657,Sayaç,L,0.99,68.31
6348,24-10-31 14:22:14,39.95958238,32.88025182,Sayaç,N,0.00,62.02
6086,24-10-31 15:23:48,39.95909728,32.88264977,Vana,L,0.99,56.02
6291,24-10-30 15:02:45,39.95874009,32.88038475,Sayaç,L,0.99,52.42
6342,24-11-01 10:10:02,39.96075578,32.8831372,Sayaç,L,1.00,48.79
6106,24-10-30 14:56:50,39.95874104,32.880385,Sayaç,N,0.01,47.44
6081,24-10-31 11:03:39,39.95992892,32.87592625,Sayaç,L,0.99,45.6
6397,24-10-30 14:49:59,39.95874003,32.88010203,Sayaç,N,0.22,41.87
6074,24-10-30 15:02:06,39.95853503,32.88064496,Vana,L,0.98,34.71
6237,24-11-01 10:31:38,39.95887681,32.88774138,Sayaç,L,1.00,33.55
6070,24-11-01 10:27:33,39.96019503,32.88355865,Sayaç,L,0.99,31.26
6359,24-10-30 15:05:18,39.95874104,32.880385,Sayaç,L,0.99,31.2
6105,24-11-01 10:13:13,39.95887808,32.8813195,Sayaç,N,0.00,29.55
6078,24-10-31 15:19:05,39.96226602,32.87732302,Sayaç,L,0.98,26.37
6415,24-11-01 10:39:08,39.96047579,32.8835558,Sayaç,L,0.95,26.11
6103,24-11-01 09:48:47,39.96019298,32.88508415,Sayaç,L,0.53,25.33
6413,24-10-30 15:22:00,39.96186022,32.87965884,Vana,N,0.13,24.53
6085,24-10-31 15:44:54,39.96255699,32.87631501,Sayaç,L,0.99,24.03
6399,24-11-01 10:06:29,39.96067688,32.88416818,Sayaç,L,0.67,23.62
6338,24-11-01 10:19:24,39.95888348,32.88154313,Sayaç,N,0.00,21.47
6418,24-10-30 15:50:52,39.95892474,32.88067829,Sayaç,L,1.00,21.14
6367,24-10-31 15:59:07,39.95918302,32.880054,Sayaç,N,0.00,21.11
6089,24-10-30 14:58:46,39.95874104,32.880385,Sayaç,N,0.11,19.48
6353,24-10-30 15:44:59,39.95937381,32.88001595,Sayaç,L,0.99,19.02
6389,24-10-30 14:58:14,39.95874104,32.880385,Sayaç,L,1.00,18.81
6404,24-10-31 15:10:58,39.96005296,32.88081301,Sayaç,L,0.99,17.37
6102,24-10-31 10:01:31,39.95895224,32.87770171,Sayaç,L,1.00,17.18
6363,24-11-01 10:01:52,39.95935507,32.88490193,Vana,L,0.99,15.53
6076,24-11-01 10:22:07,39.96191219,32.88125094,Sayaç,L,0.99,15.09
6098,24-10-30 15:24:45,39.96186022,32.87965884,Vana,L,0.77,14.56
6075,24-10-31 10:39:11,39.95907007,32.87520139,Sayaç,L,0.99,12.37
6332,24-10-31 14:16:22,39.96099837,32.87971236,Sayaç,L,0.99,11.3
6157,24-11-01 10:21:54,39.95884469,32.8872663,Sayaç,L,0.97,11.26
6380,24-10-31 11:35:34,39.95970534,32.87736928,Sayaç,L,0.99,11.21
6405,24-11-01 10:23:58,39.95880741,32.88177682,Sayaç,L,0.75,11.18
6092,24-10-30 15:18:33,39.95872796,32.88089197,Sayaç,L,0.43,11.01
6202,24-10-30 16:11:56,39.95927299,32.87953902,Sayaç,L,0.99,10.89
6282,24-10-30 15:03:44,39.95874104,32.880385,Sayaç,L,0.97,10.49
6406,24-10-30 14:59:26,39.9587406,32.88038475,Sayaç,N,0.00,10.4
6262,24-10-31 14:18:21,39.96091691,32.88002618,Sayaç,N,0.01,10.21
6410,24-10-31 14:32:33,39.95892834,32.87518848,Sayaç,L,0.99,10.15
6093,24-10-31 10:25:04,39.9588434,32.87674902,Sayaç,L,1.00,9.15
6124,24-11-01 10:06:39,39.95887448,32.87868524,Sayaç,L,0.99,9.04
6082,24-10-30 15:35:07,39.95937409,32.88001595,Vana,L,0.96,8.99
6077,24-11-01 10:26:54,39.95885315,32.88203297,Sayaç,L,0.99,8.9
6287,24-10-30 15:57:59,39.95927299,32.87953902,Sayaç,L,0.99,8.8
6306,24-10-31 10:25:13,39.9614522,32.87944816,Sayaç,L,0.91,8.68
6183,24-11-01 09:55:09,39.95888201,32.88573605,Sayaç,L,0.97,8.59
6390,24-10-30 14:37:51,39.95874081,32.88038475,Sayaç,L,1.00,8.48
6097,24-11-01 09:53:16,39.96001291,32.88535925,Vana,L,0.99,8.44
6412,24-10-31 14:30:02,39.95910553,32.87924817,Vana,L,0.99,8.09
6111,24-10-31 14:22:08,39.95916618,32.87892262,Vana,N,0.22,7.91
6186,24-10-31 11:24:40,39.96059862,32.87555711,Sayaç,L,0.99,7.9
6374,24-10-30 16:41:24,39.96059505,32.87481002,Sayaç,L,0.99,7.89
6068,24-11-01 09:42:32,39.95886703,32.88111968,Sayaç,L,0.96,7.89
6371,24-11-01 10:04:08,39.95925793,32.88265558,Vana,L,0.99,7.81
6304,24-11-01 10:31:45,39.95873545,32.88230253,Sayaç,L,0.99,7.32
6294,24-10-31 14:28:35,39.96215897,32.87754498,Sayaç,L,0.99,6.93
6249,24-10-31 15:45:01,39.96020005,32.87948119,Sayaç,L,0.99,6.84
6137,24-10-31 10:45:51,39.96140247,32.87919285,Sayaç,L,0.94,6.63
6364,24-10-31 10:42:54,39.95907238,32.87492009,Sayaç,L,0.97,6.62
6385,24-10-31 14:14:32,39.96002761,32.87956635,Sayaç,L,0.99,6.47
6414,24-10-31 10:45:36,39.96137819,32.87903544,Sayaç,L,0.62,6.22
6303,24-10-31 10:22:39,39.96129004,32.87937105,Sayaç,N,0.00,6.21
6354,24-10-31 10:21:24,39.95995076,32.87850587,Sayaç,L,0.99,6.08
6208,24-10-31 10:36:20,39.95984052,32.87776859,Sayaç,N,0.00,6.01
6215,24-10-31 10:59:10,39.96096303,32.8755323,Sayaç,N,0.00,6
6154,24-11-01 10:04:36,39.96031839,32.88400657,Sayaç,N,0.35,5.95
6280,24-10-31 15:54:28,39.96255699,32.87631501,Sayaç,N,0.08,5.76
6212,24-10-30 15:08:13,39.95874001,32.88060801,Sayaç,L,0.99,5.74
6178,24-10-31 15:01:35,39.95914074,32.88115991,Vana,L,0.52,5.65
6176,24-10-31 09:59:46,39.95929995,32.87864584,Sayaç,N,0.31,5.56
6200,24-10-31 15:44:14,39.9602075,32.87949426,Sayaç,L,0.99,5.48
6228,24-11-01 09:47:24,39.95888579,32.87974035,Sayaç,L,0.99,5.42
6386,24-10-31 15:25:24,39.96228204,32.87714196,Sayaç,L,0.99,5.39
6360,24-10-30 15:16:09,39.95869557,32.88057372,Vana,L,1.00,5.37
6326,24-10-31 13:53:02,39.9621434,32.87626958,Sayaç,L,0.99,5.11
6156,24-10-31 14:24:49,39.96218199,32.87733697,Sayaç,L,0.98,5
6352,24-10-30 15:53:17,39.95892474,32.88067829,Sayaç,L,0.99,4.97
6366,24-10-31 10:16:07,39.95926105,32.87759301,Sayaç,L,0.98,4.85
6343,24-11-01 09:47:09,39.96009878,32.88495289,Sayaç,L,0.99,4.78
6090,24-10-31 14:13:13,39.95941135,32.8787942,Sayaç,L,0.99,4.71
6265,24-10-31 11:26:43,39.95974903,32.87605735,Sayaç,N,0.06,4.63
6298,24-10-30 16:35:19,39.9599798,32.87509477,Sayaç,N,0.18,4.61
6168,24-10-30 14:53:28,39.95874104,32.880385,Sayaç,L,0.90,4.59
6365,24-10-31 14:58:44,39.95942882,32.88088934,Vana,L,0.99,4.49
6278,24-10-31 14:21:04,39.96081591,32.87962753,Sayaç,N,0.02,4.41
6257,24-11-01 09:49:04,39.95927073,32.8872378,Vana,N,0.02,4.41
6134,24-10-31 14:37:16,39.95913907,32.87492596,Sayaç,L,0.99,4.4
6071,24-10-31 11:08:28,39.96084701,32.87565299,Sayaç,L,0.99,4.08
6324,24-10-31 14:22:52,39.96028485,32.87964145,Sayaç,L,0.89,4.06
6289,24-10-30 16:02:39,39.95932873,32.87265882,Vana,L,0.99,4.03
6369,24-10-31 11:07:15,39.96124899,32.87577903,Sayaç,L,0.99,3.99
6310,24-11-01 10:08:01,39.95849466,32.88455291,Vana,L,0.99,3.95
6241,24-10-31 14:46:13,39.95938848,32.88043069,Sayaç,N,0.00,3.93
6292,24-11-01 09:58:18,39.96032402,32.88446301,Sayaç,N,0.00,3.93
6113,24-10-31 10:36:47,39.96069139,32.87876001,Sayaç,L,0.99,3.91
6240,24-11-01 10:05:59,39.95923865,32.88265793,Vana,L,0.99,3.84
6391,24-10-31 14:00:49,39.95940454,32.87801184,Sayaç,L,0.54,3.82
6377,24-10-30 15:21:31,39.95872796,32.88089197,Sayaç,L,0.99,3.8
6315,24-10-31 11:33:16,39.96133431,32.87879085,Sayaç,N,0.01,3.7
6198,24-10-31 15:54:03,39.9594472,32.87996013,Vana,N,0.12,3.53
6387,24-10-31 15:45:58,39.9601854,32.87946576,Sayaç,L,0.99,3.51
6268,24-10-31 10:02:26,39.95963693,32.87874861,Sayaç,N,0.00,3.47
6261,24-10-30 15:03:57,39.95927399,32.87980297,Sayaç,N,0.00,3.45
6355,24-10-30 15:05:03,39.95874045,32.88036229,Sayaç,N,0.09,3.45
6160,24-10-31 14:44:27,39.96176704,32.87875802,Sayaç,L,0.60,3.41
6084,24-10-31 15:20:43,39.95908703,32.88204571,Sayaç,N,0.00,3.4
6083,24-10-31 15:08:11,39.95992702,32.88132598,Sayaç,L,0.71,3.39
6314,24-10-30 16:11:15,39.95907803,32.87342604,Sayaç,N,0.19,3.35
6339,24-10-31 11:07:23,39.96035088,32.87526174,Sayaç,N,0.45,3.32
6330,24-10-31 14:33:41,39.96201357,32.87811829,Sayaç,L,0.99,3.29
6122,24-10-31 11:16:45,39.96055257,32.87840294,Sayaç,N,0.12,3.25
6231,24-10-31 10:53:27,39.96005228,32.87575325,Sayaç,N,0.00,3.22
6307,24-10-31 10:43:32,39.96113495,32.87924113,Sayaç,L,0.99,3.19
6250,24-10-31 14:23:34,39.9605949,32.87987061,Sayaç,L,0.99,3.11
6221,24-10-31 10:13:32,39.95890915,32.87807202,Sayaç,L,0.99,3.1
6210,24-10-31 15:03:59,39.96219301,32.87813096,Sayaç,L,0.99,3.06
6296,24-10-31 10:11:17,39.95929995,32.87864584,Sayaç,N,0.16,2.95
6165,24-10-31 14:40:28,39.96084915,32.88068517,Sayaç,L,0.82,2.95
6328,24-10-30 15:50:00,39.95922619,32.87090063,Vana,L,0.99,2.91
6312,24-10-31 15:59:52,39.96274082,32.87564797,Sayaç,N,0.12,2.91
6164,24-10-31 10:20:54,39.95891099,32.87719393,Sayaç,N,0.00,2.87
6362,24-10-30 15:56:14,39.95929592,32.87178861,Vana,L,0.98,2.86
6101,24-10-31 14:56:48,39.95882657,32.87473049,Vana,L,0.98,2.83
6174,24-10-30 15:55:06,39.95892474,32.88067829,Sayaç,N,0.00,2.82
6109,24-10-31 10:01:35,39.95929982,32.87864598,Sayaç,L,0.92,2.79
6322,24-10-31 11:05:29,39.96151786,32.87583103,Sayaç,L,0.99,2.79
6159,24-10-31 11:30:59,39.95977961,32.87674969,Sayaç,N,0.28,2.78
6239,24-10-31 15:04:45,39.95944501,32.88110023,Sayaç,L,0.96,2.78
6260,24-11-01 10:25:26,39.95857253,32.88769981,Sayaç,L,0.94,2.76
6327,24-10-30 15:19:18,39.96186022,32.87965884,Vana,L,0.59,2.75
6411,24-11-01 10:36:29,39.95921989,32.88737727,Sayaç,L,0.87,2.66
6088,24-11-01 09:53:13,39.96022189,32.88467964,Sayaç,L,0.99,2.56
6417,24-10-31 10:33:51,39.95914125,32.87562383,Sayaç,L,0.93,2.55
6372,24-10-31 10:31:43,39.96208103,32.88001645,Sayaç,L,0.95,2.51
6196,24-10-31 10:49:33,39.9598711,32.87718119,Sayaç,N,0.02,2.5
6191,24-10-31 15:12:50,39.96224403,32.877565,Sayaç,L,0.99,2.49
6335,24-11-01 10:12:48,39.96057296,32.88388101,Sayaç,N,0.05,2.48
6400,24-10-31 14:17:59,39.96212202,32.87693108,Sayaç,N,0.01,2.44
6285,24-11-01 10:41:18,39.95897501,32.887336,Sayaç,L,0.99,2.42
6419,24-10-31 15:30:43,39.95900658,32.88275616,Sayaç,N,0.26,2.41
6345,24-10-30 15:09:14,39.95926875,32.87976416,Sayaç,N,0.43,2.4
6163,24-10-31 10:08:44,39.95929995,32.87864584,Sayaç,N,0.04,2.4
6087,24-10-31 10:47:19,39.95952057,32.87533315,Sayaç,L,0.99,2.39
6213,24-10-31 10:45:16,39.95947597,32.87471697,Vana,N,0.03,2.38
6217,24-10-31 10:48:15,39.96174901,32.8792309,Sayaç,L,0.94,2.38
6211,24-10-31 14:12:53,39.96135429,32.87987798,Sayaç,N,0.00,2.36
6277,24-10-30 16:03:15,39.95927299,32.87953902,Sayaç,N,0.04,2.31
6114,24-10-31 10:16:02,39.96095083,32.87921648,Sayaç,N,0.14,2.3
6167,24-10-31 14:11:24,39.95994537,32.87946643,Sayaç,N,0.01,2.29
6276,24-10-31 14:26:05,39.95946326,32.87910366,Sayaç,N,0.00,2.24
6301,24-10-31 09:54:39,39.95929202,32.87834696,Sayaç,N,0.00,2.21
6153,24-10-31 10:16:36,39.95887754,32.87731899,Sayaç,L,0.98,2.15
6169,24-10-31 11:28:22,39.96120711,32.87862087,Sayaç,L,0.95,2.1
6259,24-10-30 16:37:40,39.96044097,32.874777,Sayaç,N,0.06,2.09
6346,24-10-31 15:31:22,39.96248538,32.87668096,Sayaç,N,0.11,2.09
6135,24-10-31 11:12:35,39.95979992,32.87581662,Sayaç,N,0.00,2.08
6244,24-10-30 16:26:48,39.959507,32.87450403,Sayaç,L,0.97,2.07
6129,24-10-31 14:01:12,39.95963539,32.87937993,Sayaç,N,0.00,2.06
6269,24-10-30 15:16:40,39.95872796,32.88089197,Sayaç,L,0.83,2.02
6091,24-10-30 15:27:14,39.96212171,32.87950801,Vana,L,0.99,2.02
6094,24-10-30 15:51:55,39.95892474,32.88067829,Sayaç,L,0.98,1.99
6263,24-10-31 11:37:14,39.96157099,32.8784016,Sayaç,L,0.97,1.99
6219,24-10-31 15:17:37,39.95909705,32.88184354,Sayaç,N,0.00,1.97
6337,24-11-01 09:50:21,39.95888696,32.884634,Sayaç,N,0.00,1.93
6368,24-10-31 15:49:19,39.95891586,32.88375797,Vana,N,0.00,1.86
6357,24-10-30 16:05:45,39.95932873,32.87265882,Vana,L,0.99,1.85
6118,24-10-31 14:03:32,39.95995925,32.8789652,Sayaç,N,0.02,1.84
6270,24-11-01 10:05:11,39.96043601,32.88421702,Sayaç,L,0.98,1.83
6388,24-10-31 10:24:08,39.96017125,32.87861785,Sayaç,N,0.00,1.81
6238,24-10-31 11:05:11,39.96033499,32.87666697,Sayaç,N,0.02,1.81
6182,24-10-31 10:28:30,39.9592853,32.87585065,Sayaç,N,0.01,1.78
6188,24-10-31 14:20:21,39.960502,32.87945973,Sayaç,N,0.02,1.78
6288,24-10-31 15:55:29,39.95889402,32.88420992,Vana,N,0.00,1.78
6361,24-11-01 10:35:23,39.95874034,32.88244436,Sayaç,N,0.00,1.77
6416,24-10-31 11:00:10,39.96037104,32.87634,Sayaç,L,0.94,1.75
6230,24-10-31 10:22:09,39.95922311,32.87693627,Sayaç,N,0.00,1.74
6177,24-10-31 13:58:34,39.95970067,32.8791677,Sayaç,N,0.00,1.72
6267,24-10-31 14:25:03,39.9603496,32.87975745,Sayaç,N,0.00,1.61
6299,24-10-31 11:02:56,39.96103286,32.87574987,Vana,L,0.89,1.57
6233,24-10-31 15:43:21,39.96020441,32.87951136,Sayaç,L,0.84,1.57
6351,24-10-30 16:39:01,39.96034035,32.87483191,Sayaç,N,0.00,1.54
6136,24-11-01 09:54:11,39.96003218,32.88532874,Vana,L,0.99,1.51
6373,24-11-01 10:02:39,39.95886703,32.87896821,Sayaç,L,0.95,1.49
6383,24-10-31 14:07:32,39.95992661,32.87920861,Sayaç,L,0.52,1.47
6272,24-10-31 14:15:53,39.96237336,32.87627219,Vana,N,0.01,1.45
6281,24-10-31 10:29:55,39.95967803,32.87785004,Sayaç,N,0.00,1.44
6193,24-10-31 10:32:03,39.95893489,32.87582634,Sayaç,L,0.65,1.44
6225,24-10-31 10:55:23,39.95991942,32.87648315,Sayaç,N,0.00,1.44
6192,24-10-30 16:06:27,39.95927299,32.87953902,Sayaç,N,0.00,1.39
6119,24-10-31 11:12:56,39.96031001,32.876891,Sayaç,N,0.00,1.38
6245,24-10-31 10:01:55,39.95925597,32.87884799,Sayaç,N,0.01,1.36
6158,24-10-31 11:03:44,39.96035302,32.87650397,Sayaç,L,0.91,1.35
6236,24-10-31 15:05:46,39.959867,32.88156899,Sayaç,L,0.99,1.34
6329,24-10-31 10:23:07,39.95884057,32.87699779,Sayaç,L,0.67,1.32
6179,24-10-31 10:42:03,39.95986596,32.87738504,Sayaç,N,0.12,1.31
6209,24-10-31 10:51:03,39.96022599,32.8780633,Sayaç,N,0.00,1.31
6220,24-10-31 10:20:02,39.95926699,32.87716097,Sayaç,N,0.00,1.29
6297,24-10-31 14:24:29,39.95943304,32.87995099,Sayaç,N,0.00,1.29
6172,24-10-31 15:53:29,39.95895981,32.88395511,Sayaç,N,0.02,1.28
6358,24-10-31 10:36:42,39.95904437,32.8754981,Sayaç,L,0.99,1.27
6199,24-10-31 10:19:47,39.95950297,32.87781898,Sayaç,N,0.00,1.23
6255,24-10-31 10:39:45,39.96096456,32.87884651,Sayaç,N,0.00,1.23
6173,24-10-31 11:25:03,39.9612161,32.8781545,Vana,N,0.00,1.23
6204,24-10-31 10:27:02,39.95886524,32.8766072,Sayaç,N,0.01,1.21
6187,24-10-31 14:17:38,39.95927168,32.87525117,Sayaç,L,0.76,1.21
6284,24-10-31 10:59:50,39.95991068,32.87625449,Sayaç,N,0.13,1.2
6232,24-10-31 11:07:11,39.96087667,32.87844082,Sayaç,L,0.77,1.17
6242,24-10-31 14:23:50,39.95958238,32.88025182,Sayaç,L,0.69,1.16
6295,24-10-31 14:05:31,39.95981045,32.87957305,Sayaç,N,0.00,1.14
6271,24-10-31 10:30:12,39.95935702,32.87576304,Sayaç,L,0.95,1.13
6190,24-10-31 14:52:27,39.96226096,32.878764,Sayaç,N,0.00,1.11
6318,24-10-30 14:55:15,39.95927302,32.88008903,Sayaç,N,0.00,1.1
6073,24-10-30 16:15:31,39.95923244,32.8739793,Sayaç,N,0.00,1.08
6126,24-10-31 10:40:57,39.96187262,32.87966274,Sayaç,N,0.23,1.08
6205,24-10-31 15:39:53,39.95848411,32.88329361,Sayaç,N,0.00,1.08
6349,24-10-30 15:55:12,39.96030508,32.87281992,Sayaç,N,0.00,1.07
6201,24-10-31 09:59:17,39.95937936,32.87750926,Sayaç,N,0.00,1.07
6155,24-10-31 10:39:13,39.96200856,32.87974823,Sayaç,N,0.01,1.07
6108,24-10-30 16:19:45,39.95899497,32.87433196,Sayaç,N,0.12,1.06
6130,24-11-01 09:51:16,39.9603189,32.88486656,Sayaç,N,0.00,1.06
6370,24-10-31 11:04:24,39.96010649,32.87520742,Sayaç,N,0.00,1.04
6227,24-10-31 14:21:04,39.96220403,32.87713998,Sayaç,N,0.03,1.02
6290,24-10-31 14:48:22,39.95912455,32.88041258,Sayaç,N,0.00,1.01
6316,24-10-31 10:18:33,39.96036722,32.87893217,Sayaç,N,0.00,0.96
6323,24-10-31 14:58:26,39.96026904,32.88149,Sayaç,N,0.00,0.96
6171,24-10-31 10:26:11,39.96018256,32.87873788,Sayaç,N,0.08,0.95
6226,24-10-31 10:57:38,39.96040297,32.876045,Sayaç,N,0.00,0.95
6336,24-10-31 14:08:55,39.96228945,32.87639737,Hidrant,N,0.00,0.95
6185,24-10-31 15:16:25,39.95909294,32.8815998,Vana,N,0.00,0.95
6273,24-11-01 10:23:50,39.96177137,32.88078222,Sayaç,N,0.00,0.94
6407,24-10-30 16:42:36,39.96085226,32.87524195,Sayaç,N,0.00,0.93
6161,24-10-31 10:06:35,39.95924302,32.87750104,Vana,N,0.00,0.93
6138,24-10-31 11:30:31,39.9602648,32.87762376,Sayaç,N,0.01,0.92
6254,24-10-31 14:23:08,39.95930971,32.87574571,Sayaç,N,0.00,0.92
6293,24-10-30 16:04:57,39.9612477,32.87271665,Sayaç,N,0.00,0.9
6117,24-10-30 15:51:50,39.95927299,32.87953902,Sayaç,N,0.00,0.87
6279,24-10-31 14:13:45,39.96215979,32.87649354,Sayaç,N,0.00,0.87
6104,24-10-31 11:36:14,39.96026502,32.87762405,Sayaç,N,0.00,0.86
6258,24-10-31 14:18:12,39.96007926,32.87930517,Sayaç,N,0.00,0.86
6286,24-10-30 16:04:51,39.95932873,32.87265882,Vana,N,0.00,0.85
6120,24-10-30 16:09:48,39.95927299,32.87953902,Sayaç,N,0.00,0.85
6311,24-10-31 11:40:21,39.96148773,32.87883746,Sayaç,N,0.00,0.85
6116,24-10-31 14:37:36,39.95945606,32.88019532,Sayaç,N,0.00,0.85
6264,24-10-31 15:11:19,39.96005296,32.88081301,Sayaç,N,0.00,0.84
6333,24-11-01 10:01:13,39.96038298,32.88433297,Sayaç,N,0.00,0.83
6379,24-10-30 15:29:46,39.96040299,32.88026354,Vana,N,0.00,0.81
6096,24-10-31 14:56:26,39.96035998,32.88118601,Sayaç,N,0.00,0.81
6320,24-10-31 10:29:04,39.96029846,32.87890585,Sayaç,N,0.00,0.78
6189,24-10-31 10:15:39,39.95910248,32.87720149,Sayaç,N,0.01,0.76
6309,24-10-31 14:35:50,39.96055399,32.88036996,Sayaç,N,0.00,0.76
6166,24-11-01 10:15:21,39.96125021,32.88279857,Sayaç,N,0.00,0.75
6401,24-10-31 14:55:26,39.95918623,32.8808642,Sayaç,N,0.00,0.74
6321,24-10-30 16:43:36,39.96074202,32.87485697,Sayaç,N,0.00,0.72
6253,24-10-31 11:21:24,39.9610154,32.8786202,Sayaç,N,0.00,0.72
6139,24-10-31 15:22:15,39.95942471,32.88152972,Sayaç,N,0.12,0.72
6340,24-10-30 15:49:10,39.95927299,32.87953902,Sayaç,N,0.00,0.71
6266,24-10-30 15:55:05,39.95927299,32.87953902,Sayaç,N,0.00,0.71
6235,24-10-31 10:07:23,39.95978085,32.8785984,Sayaç,N,0.00,0.71
6100,24-10-31 11:10:42,39.96034446,32.8752034,Sayaç,N,0.00,0.71
6162,24-10-31 13:56:01,39.96227999,32.87656799,Sayaç,N,0.00,0.71
6107,24-10-31 11:16:26,39.95990219,32.87612977,Sayaç,N,0.00,0.7
6248,24-10-31 10:55:38,39.96161756,32.87930517,Sayaç,N,0.00,0.69
6223,24-10-31 14:32:40,39.96040299,32.88026354,Vana,N,0.00,0.68
6305,24-10-31 14:35:15,39.95915205,32.87975242,Sayaç,N,0.00,0.66
6409,24-11-01 10:23:00,39.9601074,32.88375042,Sayaç,N,0.00,0.66
6308,24-10-31 15:01:36,39.960215,32.88166899,Sayaç,N,0.00,0.65
6325,24-10-31 15:25:48,39.9590089,32.88239339,Vana,N,0.00,0.65
6344,24-10-30 16:31:50,39.95979734,32.87479939,Sayaç,N,0.00,0.64
6132,24-10-31 14:52:04,39.95916438,32.88061811,Sayaç,N,0.00,0.63
6317,24-10-31 10:21:37,39.95910258,32.87720148,Sayaç,N,0.00,0.61
6207,24-10-31 10:41:23,39.959947,32.87792497,Sayaç,N,0.00,0.61
6175,24-10-31 10:54:37,39.96029692,32.87806967,Sayaç,N,0.00,0.61
6224,24-10-31 10:59:22,39.96026429,32.87825843,Sayaç,N,0.00,0.6
6229,24-10-31 10:34:57,39.95974826,32.87805861,Sayaç,N,0.01,0.59
6197,24-10-30 15:58:21,39.95943435,32.87221525,Vana,N,0.00,0.58
6133,24-10-30 16:34:09,39.96025104,32.87473901,Sayaç,N,0.00,0.58
6110,24-10-31 14:53:48,39.96041403,32.88100702,Sayaç,N,0.00,0.57
6319,24-10-31 15:10:42,39.95909988,32.8813413,Sayaç,N,0.00,0.57
6334,24-10-30 16:09:18,39.96051164,32.87364939,Sayaç,N,0.00,0.55
6123,24-10-31 10:54:28,39.95981397,32.87540298,Sayaç,N,0.00,0.53
6216,24-10-30 16:25:28,39.9606001,32.87451407,Sayaç,N,0.00,0.52
6300,24-10-31 14:26:13,39.95980296,32.88008396,Sayaç,N,0.00,0.52
6128,24-10-31 10:33:17,39.95938201,32.87554597,Sayaç,N,0.00,0.5
6356,24-10-31 10:49:16,39.9594722,32.87525671,Sayaç,N,0.00,0.5
6206,24-10-31 14:26:38,39.95930252,32.8754339,Sayaç,N,0.00,0.5
6194,24-10-31 15:46:48,39.95894413,32.88346292,Sayaç,N,0.00,0.5
6302,24-10-31 10:54:13,39.96045994,32.87557549,Vana,N,0.00,0.48
6222,24-10-31 10:25:57,39.95927198,32.87677903,Sayaç,N,0.00,0.47
6184,24-10-31 10:18:31,39.95910248,32.87720149,Sayaç,N,0.00,0.46
6170,24-10-31 10:50:15,39.95975,32.87538803,Sayaç,N,0.00,0.46
6218,24-10-30 16:02:24,39.96174888,32.87249068,Sayaç,N,0.00,0.44
6274,24-10-31 14:09:32,39.96118648,32.88014654,Sayaç,N,0.00,0.44
6115,24-10-30 15:45:51,39.95927299,32.87953902,Sayaç,N,0.00,0.43
6331,24-10-31 15:06:53,39.9594648,32.88129905,Sayaç,N,0.00,0.43
6099,24-11-01 09:57:32,39.95910397,32.88583,Sayaç,N,0.00,0.42
6402,24-11-01 10:18:23,39.9615185,32.88230304,Sayaç,N,0.00,0.42
6375,24-10-30 16:29:56,39.95959196,32.87460699,Sayaç,N,0.00,0.4
6131,24-10-31 09:57:11,39.95929995,32.87864584,Sayaç,N,0.00,0.39
6283,24-10-31 11:16:08,39.96028202,32.87725801,Sayaç,N,0.00,0.39
6247,24-10-31 14:17:39,39.96237599,32.87646296,Sayaç,N,0.00,0.39
6214,24-10-31 10:23:59,39.95910248,32.87720149,Sayaç,N,0.00,0.38
6181,24-10-31 10:45:45,39.96011832,32.87781755,Sayaç,N,0.00,0.38
6234,24-10-31 11:02:25,39.96069447,32.87795031,Sayaç,N,0.00,0.38
6243,24-10-31 11:10:10,39.96054704,32.87557002,Sayaç,N,0.00,0.38
6275,24-10-31 14:09:26,39.96012475,32.87967632,Sayaç,N,0.00,0.37
6313,24-10-31 11:11:59,39.96095223,32.87803983,Sayaç,N,0.00,0.36
6246,24-10-31 14:43:13,39.96105805,32.880693,Sayaç,N,0.00,0.36
6256,24-10-31 10:23:34,39.95962001,32.87784001,Sayaç,N,0.00,0.34
6180,24-10-31 11:34:04,39.96029641,32.87768243,Sayaç,N,0.00,0.34
6125,24-10-30 16:12:57,39.96051125,32.87364939,Sayaç,N,0.00,0.33
6252,24-10-31 10:33:22,39.96048143,32.87866948,Sayaç,N,0.00,0.32
6195,24-10-31 11:20:56,39.95991993,32.87593732,Sayaç,N,0.00,0.32
6127,24-10-30 16:21:53,39.96063393,32.8735411,Sayaç,N,0.00,0.3
6203,24-10-31 10:40:32,39.95943501,32.87507696,Sayaç,N,0.00,0.28
6251,24-10-31 11:20:49,39.96026502,32.87762405,Sayaç,N,0.00,0.25
255,24-11-01 03:00:00,39.95896392,32.88272946,Sayaç,N,0.00,99.37
254,24-11-01 03:10:00,39.95896392,32.88272946,Sayaç,N,0.00,113.05
253,24-11-01 03:20:00,39.95896392,32.88272946,Sayaç,N,0.01,94.57
252,24-11-01 03:30:00,39.95896392,32.88272946,Sayaç,N,0.00,95.88
251,24-11-01 03:00:00,39.95876894,32.88271192,Sayaç,L,1.00,4.53
250,24-11-01 03:10:00,39.95876894,32.88271192,Sayaç,L,1.00,5.37
249,24-11-01 03:20:00,39.95876894,32.88271192,Sayaç,L,1.00,5.24
248,24-11-01 03:30:00,39.95876894,32.88271192,Sayaç,L,1.00,5.67
259,24-11-01 03:00:00,39.95904216,32.88260427,Vana,N,0.25,12
258,24-11-01 03:10:00,39.95904216,32.88260427,Vana,N,0.03,12.18
257,24-11-01 03:20:00,39.95904216,32.88260427,Vana,N,0.38,11.35
256,24-11-01 03:30:00,39.95904216,32.88260427,Vana,N,0.19,9.69
263,24-11-01 03:00:00,39.9589847,32.88298863,Sayaç,N,0.00,1.49
262,24-11-01 03:10:00,39.9589847,32.88298863,Sayaç,N,0.01,0.86
261,24-11-01 03:20:00,39.9589847,32.88298863,Sayaç,N,0.02,0.9
260,24-11-01 03:30:00,39.9589847,32.88298863,Sayaç,N,0.00,0.91
6145,24-10-31 09:17:57,39.95876502,32.88033715,Boru,L,0.99,76.75
6394,24-11-01 10:09:45,39.95890148,32.88260495,Boru,L,0.99,60.38
6403,24-11-01 10:17:58,39.96011036,32.88368018,Boru,L,1.00,53.4
6408,24-11-01 10:19:47,39.96012526,32.88368152,Boru,L,1.00,50.85
6152,24-10-31 09:26:14,39.95875834,32.88029859,Boru,L,0.99,44.37
6395,24-11-01 10:10:09,39.95889891,32.88257545,Boru,L,0.99,43.14
6393,24-11-01 10:09:22,39.95889917,32.88261635,Boru,L,0.99,37.37
6392,24-11-01 10:08:53,39.95890251,32.8826415,Boru,L,0.99,31.05
6146,24-10-31 09:19:59,39.95876142,32.88030596,Boru,L,1.00,27.08
6396,24-11-01 10:10:35,39.95889866,32.88255097,Boru,L,0.99,26.3
6150,24-10-31 09:23:11,39.95875269,32.88019834,Boru,L,0.99,6.72
6147,24-10-31 09:20:49,39.9587586,32.88028384,Boru,L,0.99,4.06
6398,24-11-01 10:10:54,39.95889634,32.8825275,Boru,L,0.96,4.03
6350,24-10-31 15:40:37,39.9601845,32.87949074,Boru,L,0.99,3.95
6151,24-10-31 09:23:34,39.95874883,32.8801675,Boru,N,0.18,3.61
6149,24-10-31 09:21:57,39.95875474,32.88023287,Boru,L,0.99,3.13
6148,24-10-31 09:21:28,39.95875551,32.88025802,Boru,N,0.45,3.02
6341,24-10-31 15:22:35,39.95929202,32.87834696,Boru,N,0.01,0.97